descriptor,bins,parameters,measure,map1,map5
lab,8-8-8,{},euclidean,0.3333333333333333,0.4088888888888889
lab,8-8-8,{},l1,0.4,0.4677777777777778
lab,8-8-8,{},chi2,0.43333333333333335,0.5011111111111111
lab,8-8-8,{},intersection,0.4,0.4677777777777778
lab,8-8-8,{},hellinger,0.43333333333333335,0.49
lab,8-8-8,{},wasserstein,0.3333333333333333,0.4444444444444444
lab,16-16-16,{},euclidean,0.43333333333333335,0.4611111111111111
lab,16-16-16,{},l1,0.43333333333333335,0.4972222222222223
lab,16-16-16,{},chi2,0.43333333333333335,0.48055555555555557
lab,16-16-16,{},intersection,0.43333333333333335,0.4972222222222223
lab,16-16-16,{},hellinger,0.43333333333333335,0.49
lab,16-16-16,{},wasserstein,0.4,0.46444444444444444
lab,32-32-32,{},euclidean,0.4,0.45111111111111113
lab,32-32-32,{},l1,0.5,0.586111111111111
lab,32-32-32,{},chi2,0.4,0.5
lab,32-32-32,{},intersection,0.5,0.586111111111111
lab,32-32-32,{},hellinger,0.5,0.5583333333333333
lab,32-32-32,{},wasserstein,0.4,0.478888888888889
lab,64-64-64,{},euclidean,0.3,0.3888888888888889
lab,64-64-64,{},l1,0.5333333333333333,0.5994444444444444
lab,64-64-64,{},chi2,0.4666666666666667,0.5388888888888889
lab,64-64-64,{},intersection,0.5333333333333333,0.5994444444444444
lab,64-64-64,{},hellinger,0.4666666666666667,0.55
lab,64-64-64,{},wasserstein,0.4,0.4583333333333333
lab,4-32-32,{},euclidean,0.36666666666666664,0.46222222222222226
lab,4-32-32,{},l1,0.4666666666666667,0.5416666666666666
lab,4-32-32,{},chi2,0.43333333333333335,0.5233333333333333
lab,4-32-32,{},intersection,0.4666666666666667,0.5416666666666666
lab,4-32-32,{},hellinger,0.4666666666666667,0.5677777777777777
lab,4-32-32,{},wasserstein,0.3333333333333333,0.4055555555555556
lab,8-32-32,{},euclidean,0.36666666666666664,0.45666666666666667
lab,8-32-32,{},l1,0.5,0.5966666666666666
lab,8-32-32,{},chi2,0.43333333333333335,0.525
lab,8-32-32,{},intersection,0.5,0.5966666666666666
lab,8-32-32,{},hellinger,0.5,0.5788888888888889
lab,8-32-32,{},wasserstein,0.4,0.46888888888888897
lab,16-32-32,{},euclidean,0.4,0.4583333333333333
lab,16-32-32,{},l1,0.5,0.5888888888888888
lab,16-32-32,{},chi2,0.43333333333333335,0.5083333333333333
lab,16-32-32,{},intersection,0.5,0.5888888888888888
lab,16-32-32,{},hellinger,0.4666666666666667,0.5361111111111112
lab,16-32-32,{},wasserstein,0.4,0.46944444444444444
lab,8-64-64,{},euclidean,0.3333333333333333,0.4066666666666666
lab,8-64-64,{},l1,0.5666666666666667,0.6388888888888888
lab,8-64-64,{},chi2,0.4666666666666667,0.5661111111111111
lab,8-64-64,{},intersection,0.5666666666666667,0.6388888888888888
lab,8-64-64,{},hellinger,0.5,0.5972222222222222
lab,8-64-64,{},wasserstein,0.4,0.45499999999999996
hsv,32-16-8,"{""s_min"": 40, ""v_min"": 40}",euclidean,0.43333333333333335,0.47611111111111115
hsv,32-16-8,"{""s_min"": 40, ""v_min"": 40}",l1,0.5,0.5555555555555556
hsv,32-16-8,"{""s_min"": 40, ""v_min"": 40}",chi2,0.5,0.5511111111111112
hsv,32-16-8,"{""s_min"": 40, ""v_min"": 40}",intersection,0.5,0.5555555555555556
hsv,32-16-8,"{""s_min"": 40, ""v_min"": 40}",hellinger,0.5,0.5555555555555556
hsv,32-16-8,"{""s_min"": 40, ""v_min"": 40}",wasserstein,0.4,0.49388888888888893
ycbcr,8-32-32,"{""chroma_range"": [0, 256], ""y_range"": [0, 256]}",euclidean,0.36666666666666664,0.38
ycbcr,8-32-32,"{""chroma_range"": [0, 256], ""y_range"": [0, 256]}",l1,0.4,0.4538888888888889
ycbcr,8-32-32,"{""chroma_range"": [0, 256], ""y_range"": [0, 256]}",chi2,0.4,0.43
ycbcr,8-32-32,"{""chroma_range"": [0, 256], ""y_range"": [0, 256]}",intersection,0.4,0.4538888888888889
ycbcr,8-32-32,"{""chroma_range"": [0, 256], ""y_range"": [0, 256]}",hellinger,0.4,0.43944444444444447
ycbcr,8-32-32,"{""chroma_range"": [0, 256], ""y_range"": [0, 256]}",wasserstein,0.36666666666666664,0.4494444444444445
