descriptor,bins,parameters,experiment_type,measures,weights,map1,map5,queries_improved_vs_l1,queries_same_vs_l1,queries_worsened_vs_l1
rgb,8-8-8,{},single,euclidean,1,0.4,0.43888888888888894,4,13,13
rgb,8-8-8,{},single,l1,1,0.4,0.44166666666666665,0,30,0
rgb,8-8-8,{},single,chi2,1,0.4,0.43333333333333335,8,14,8
rgb,8-8-8,{},single,intersection,1,0.4,0.44166666666666665,0,30,0
rgb,8-8-8,{},single,hellinger,1,0.43333333333333335,0.45,12,13,5
rgb,8-8-8,{},single,wasserstein,1,0.3,0.33999999999999997,11,9,10
rgb,8-8-8,{},rank_fusion,euclidean+l1,0.1+0.9,0.4,0.44166666666666665,4,18,8
rgb,8-8-8,{},rank_fusion,euclidean+l1,0.2+0.8,0.4,0.4444444444444445,5,16,9
rgb,8-8-8,{},rank_fusion,euclidean+l1,0.3+0.7,0.4,0.4444444444444445,5,15,10
rgb,8-8-8,{},rank_fusion,euclidean+l1,0.4+0.6,0.4,0.4444444444444445,5,14,11
rgb,8-8-8,{},rank_fusion,euclidean+l1,0.5+0.5,0.4,0.4444444444444445,5,14,11
rgb,8-8-8,{},rank_fusion,euclidean+l1,0.6+0.4,0.4,0.4444444444444445,5,14,11
rgb,8-8-8,{},rank_fusion,euclidean+l1,0.7+0.3,0.4,0.43888888888888894,4,14,12
rgb,8-8-8,{},rank_fusion,euclidean+l1,0.8+0.2,0.4,0.43888888888888894,4,13,13
rgb,8-8-8,{},rank_fusion,euclidean+l1,0.9+0.1,0.4,0.43888888888888894,4,13,13
rgb,8-8-8,{},rank_fusion,euclidean+chi2,0.1+0.9,0.4,0.43333333333333335,8,12,10
rgb,8-8-8,{},rank_fusion,euclidean+chi2,0.2+0.8,0.4,0.4361111111111111,9,11,10
rgb,8-8-8,{},rank_fusion,euclidean+chi2,0.3+0.7,0.4,0.4361111111111111,9,11,10
rgb,8-8-8,{},rank_fusion,euclidean+chi2,0.4+0.6,0.4,0.4361111111111111,7,13,10
rgb,8-8-8,{},rank_fusion,euclidean+chi2,0.5+0.5,0.4,0.4361111111111111,6,13,11
rgb,8-8-8,{},rank_fusion,euclidean+chi2,0.6+0.4,0.4,0.43888888888888894,6,13,11
rgb,8-8-8,{},rank_fusion,euclidean+chi2,0.7+0.3,0.4,0.43888888888888894,5,14,11
rgb,8-8-8,{},rank_fusion,euclidean+chi2,0.8+0.2,0.4,0.43888888888888894,5,13,12
rgb,8-8-8,{},rank_fusion,euclidean+chi2,0.9+0.1,0.4,0.43888888888888894,5,13,12
rgb,8-8-8,{},rank_fusion,euclidean+intersection,0.1+0.9,0.4,0.44166666666666665,4,18,8
rgb,8-8-8,{},rank_fusion,euclidean+intersection,0.2+0.8,0.4,0.4444444444444445,5,16,9
rgb,8-8-8,{},rank_fusion,euclidean+intersection,0.3+0.7,0.4,0.4444444444444445,5,15,10
rgb,8-8-8,{},rank_fusion,euclidean+intersection,0.4+0.6,0.4,0.4444444444444445,5,14,11
rgb,8-8-8,{},rank_fusion,euclidean+intersection,0.5+0.5,0.4,0.4444444444444445,5,14,11
rgb,8-8-8,{},rank_fusion,euclidean+intersection,0.6+0.4,0.4,0.4444444444444445,5,14,11
rgb,8-8-8,{},rank_fusion,euclidean+intersection,0.7+0.3,0.4,0.43888888888888894,4,14,12
rgb,8-8-8,{},rank_fusion,euclidean+intersection,0.8+0.2,0.4,0.43888888888888894,4,13,13
rgb,8-8-8,{},rank_fusion,euclidean+intersection,0.9+0.1,0.4,0.43888888888888894,4,13,13
rgb,8-8-8,{},rank_fusion,euclidean+hellinger,0.1+0.9,0.43333333333333335,0.45,10,15,5
rgb,8-8-8,{},rank_fusion,euclidean+hellinger,0.2+0.8,0.43333333333333335,0.4527777777777778,10,12,8
rgb,8-8-8,{},rank_fusion,euclidean+hellinger,0.3+0.7,0.43333333333333335,0.4527777777777778,9,13,8
rgb,8-8-8,{},rank_fusion,euclidean+hellinger,0.4+0.6,0.43333333333333335,0.4527777777777778,9,12,9
rgb,8-8-8,{},rank_fusion,euclidean+hellinger,0.5+0.5,0.4,0.4361111111111111,8,13,9
rgb,8-8-8,{},rank_fusion,euclidean+hellinger,0.6+0.4,0.4,0.43888888888888894,7,13,10
rgb,8-8-8,{},rank_fusion,euclidean+hellinger,0.7+0.3,0.4,0.43888888888888894,5,14,11
rgb,8-8-8,{},rank_fusion,euclidean+hellinger,0.8+0.2,0.4,0.43888888888888894,5,13,12
rgb,8-8-8,{},rank_fusion,euclidean+hellinger,0.9+0.1,0.4,0.43888888888888894,5,13,12
rgb,8-8-8,{},rank_fusion,euclidean+wasserstein,0.1+0.9,0.3,0.3333333333333333,11,9,10
rgb,8-8-8,{},rank_fusion,euclidean+wasserstein,0.2+0.8,0.3,0.33888888888888885,12,8,10
rgb,8-8-8,{},rank_fusion,euclidean+wasserstein,0.3+0.7,0.3,0.3527777777777778,12,8,10
rgb,8-8-8,{},rank_fusion,euclidean+wasserstein,0.4+0.6,0.3333333333333333,0.3777777777777777,9,11,10
rgb,8-8-8,{},rank_fusion,euclidean+wasserstein,0.5+0.5,0.3,0.36111111111111105,7,11,12
rgb,8-8-8,{},rank_fusion,euclidean+wasserstein,0.6+0.4,0.3,0.3744444444444444,5,10,15
rgb,8-8-8,{},rank_fusion,euclidean+wasserstein,0.7+0.3,0.3,0.3761111111111111,3,11,16
rgb,8-8-8,{},rank_fusion,euclidean+wasserstein,0.8+0.2,0.36666666666666664,0.41944444444444445,5,12,13
rgb,8-8-8,{},rank_fusion,euclidean+wasserstein,0.9+0.1,0.4,0.43888888888888894,5,13,12
rgb,8-8-8,{},rank_fusion,l1+chi2,0.1+0.9,0.4,0.43333333333333335,8,14,8
rgb,8-8-8,{},rank_fusion,l1+chi2,0.2+0.8,0.4,0.43333333333333335,8,13,9
rgb,8-8-8,{},rank_fusion,l1+chi2,0.3+0.7,0.4,0.43333333333333335,9,13,8
rgb,8-8-8,{},rank_fusion,l1+chi2,0.4+0.6,0.4,0.43333333333333335,9,13,8
rgb,8-8-8,{},rank_fusion,l1+chi2,0.5+0.5,0.4,0.43333333333333335,8,15,7
rgb,8-8-8,{},rank_fusion,l1+chi2,0.6+0.4,0.4,0.44166666666666665,9,16,5
rgb,8-8-8,{},rank_fusion,l1+chi2,0.7+0.3,0.4,0.44166666666666665,9,15,6
rgb,8-8-8,{},rank_fusion,l1+chi2,0.8+0.2,0.4,0.44166666666666665,6,18,6
rgb,8-8-8,{},rank_fusion,l1+chi2,0.9+0.1,0.4,0.44166666666666665,4,22,4
rgb,8-8-8,{},rank_fusion,l1+intersection,0.1+0.9,0.4,0.44166666666666665,0,30,0
rgb,8-8-8,{},rank_fusion,l1+intersection,0.2+0.8,0.4,0.44166666666666665,0,30,0
rgb,8-8-8,{},rank_fusion,l1+intersection,0.3+0.7,0.4,0.44166666666666665,0,30,0
rgb,8-8-8,{},rank_fusion,l1+intersection,0.4+0.6,0.4,0.44166666666666665,0,30,0
rgb,8-8-8,{},rank_fusion,l1+intersection,0.5+0.5,0.4,0.44166666666666665,0,30,0
rgb,8-8-8,{},rank_fusion,l1+intersection,0.6+0.4,0.4,0.44166666666666665,0,30,0
rgb,8-8-8,{},rank_fusion,l1+intersection,0.7+0.3,0.4,0.44166666666666665,0,30,0
rgb,8-8-8,{},rank_fusion,l1+intersection,0.8+0.2,0.4,0.44166666666666665,0,30,0
rgb,8-8-8,{},rank_fusion,l1+intersection,0.9+0.1,0.4,0.44166666666666665,0,30,0
rgb,8-8-8,{},rank_fusion,l1+hellinger,0.1+0.9,0.43333333333333335,0.45,12,13,5
rgb,8-8-8,{},rank_fusion,l1+hellinger,0.2+0.8,0.43333333333333335,0.45,12,13,5
rgb,8-8-8,{},rank_fusion,l1+hellinger,0.3+0.7,0.43333333333333335,0.45,12,13,5
rgb,8-8-8,{},rank_fusion,l1+hellinger,0.4+0.6,0.43333333333333335,0.45,12,13,5
rgb,8-8-8,{},rank_fusion,l1+hellinger,0.5+0.5,0.4,0.43333333333333335,8,17,5
rgb,8-8-8,{},rank_fusion,l1+hellinger,0.6+0.4,0.4,0.44166666666666665,8,17,5
rgb,8-8-8,{},rank_fusion,l1+hellinger,0.7+0.3,0.4,0.44166666666666665,9,16,5
rgb,8-8-8,{},rank_fusion,l1+hellinger,0.8+0.2,0.4,0.44166666666666665,9,17,4
rgb,8-8-8,{},rank_fusion,l1+hellinger,0.9+0.1,0.4,0.44166666666666665,7,18,5
rgb,8-8-8,{},rank_fusion,l1+wasserstein,0.1+0.9,0.3,0.33999999999999997,11,9,10
rgb,8-8-8,{},rank_fusion,l1+wasserstein,0.2+0.8,0.3,0.33999999999999997,12,8,10
rgb,8-8-8,{},rank_fusion,l1+wasserstein,0.3+0.7,0.3,0.3511111111111111,12,8,10
rgb,8-8-8,{},rank_fusion,l1+wasserstein,0.4+0.6,0.3333333333333333,0.3777777777777777,12,10,8
rgb,8-8-8,{},rank_fusion,l1+wasserstein,0.5+0.5,0.3,0.36111111111111105,11,11,8
rgb,8-8-8,{},rank_fusion,l1+wasserstein,0.6+0.4,0.3,0.36777777777777776,11,11,8
rgb,8-8-8,{},rank_fusion,l1+wasserstein,0.7+0.3,0.3,0.3694444444444444,11,11,8
rgb,8-8-8,{},rank_fusion,l1+wasserstein,0.8+0.2,0.36666666666666664,0.415,11,12,7
rgb,8-8-8,{},rank_fusion,l1+wasserstein,0.9+0.1,0.4,0.44,9,17,4
rgb,8-8-8,{},rank_fusion,chi2+intersection,0.1+0.9,0.4,0.44166666666666665,4,22,4
rgb,8-8-8,{},rank_fusion,chi2+intersection,0.2+0.8,0.4,0.44166666666666665,6,18,6
rgb,8-8-8,{},rank_fusion,chi2+intersection,0.3+0.7,0.4,0.44166666666666665,9,15,6
rgb,8-8-8,{},rank_fusion,chi2+intersection,0.4+0.6,0.4,0.44166666666666665,9,16,5
rgb,8-8-8,{},rank_fusion,chi2+intersection,0.5+0.5,0.4,0.43333333333333335,8,15,7
rgb,8-8-8,{},rank_fusion,chi2+intersection,0.6+0.4,0.4,0.43333333333333335,9,13,8
rgb,8-8-8,{},rank_fusion,chi2+intersection,0.7+0.3,0.4,0.43333333333333335,9,13,8
rgb,8-8-8,{},rank_fusion,chi2+intersection,0.8+0.2,0.4,0.43333333333333335,8,13,9
rgb,8-8-8,{},rank_fusion,chi2+intersection,0.9+0.1,0.4,0.43333333333333335,8,14,8
rgb,8-8-8,{},rank_fusion,chi2+hellinger,0.1+0.9,0.43333333333333335,0.45,12,13,5
rgb,8-8-8,{},rank_fusion,chi2+hellinger,0.2+0.8,0.43333333333333335,0.45,12,13,5
rgb,8-8-8,{},rank_fusion,chi2+hellinger,0.3+0.7,0.43333333333333335,0.45,12,13,5
rgb,8-8-8,{},rank_fusion,chi2+hellinger,0.4+0.6,0.43333333333333335,0.45,12,13,5
rgb,8-8-8,{},rank_fusion,chi2+hellinger,0.5+0.5,0.43333333333333335,0.45,10,15,5
rgb,8-8-8,{},rank_fusion,chi2+hellinger,0.6+0.4,0.4,0.43333333333333335,10,13,7
rgb,8-8-8,{},rank_fusion,chi2+hellinger,0.7+0.3,0.4,0.43333333333333335,9,14,7
rgb,8-8-8,{},rank_fusion,chi2+hellinger,0.8+0.2,0.4,0.43333333333333335,8,15,7
rgb,8-8-8,{},rank_fusion,chi2+hellinger,0.9+0.1,0.4,0.43333333333333335,8,14,8
rgb,8-8-8,{},rank_fusion,chi2+wasserstein,0.1+0.9,0.3,0.33999999999999997,11,9,10
rgb,8-8-8,{},rank_fusion,chi2+wasserstein,0.2+0.8,0.3,0.3494444444444445,12,8,10
rgb,8-8-8,{},rank_fusion,chi2+wasserstein,0.3+0.7,0.3,0.3427777777777778,12,8,10
rgb,8-8-8,{},rank_fusion,chi2+wasserstein,0.4+0.6,0.3333333333333333,0.36111111111111105,12,10,8
rgb,8-8-8,{},rank_fusion,chi2+wasserstein,0.5+0.5,0.3333333333333333,0.3777777777777777,12,10,8
rgb,8-8-8,{},rank_fusion,chi2+wasserstein,0.6+0.4,0.3333333333333333,0.3777777777777777,11,10,9
rgb,8-8-8,{},rank_fusion,chi2+wasserstein,0.7+0.3,0.3333333333333333,0.3844444444444444,10,11,9
rgb,8-8-8,{},rank_fusion,chi2+wasserstein,0.8+0.2,0.36666666666666664,0.4066666666666666,9,10,11
rgb,8-8-8,{},rank_fusion,chi2+wasserstein,0.9+0.1,0.4,0.43166666666666664,8,12,10
rgb,8-8-8,{},rank_fusion,intersection+hellinger,0.1+0.9,0.43333333333333335,0.45,12,13,5
rgb,8-8-8,{},rank_fusion,intersection+hellinger,0.2+0.8,0.43333333333333335,0.45,12,13,5
rgb,8-8-8,{},rank_fusion,intersection+hellinger,0.3+0.7,0.43333333333333335,0.45,12,13,5
rgb,8-8-8,{},rank_fusion,intersection+hellinger,0.4+0.6,0.43333333333333335,0.45,12,13,5
rgb,8-8-8,{},rank_fusion,intersection+hellinger,0.5+0.5,0.4,0.43333333333333335,8,17,5
rgb,8-8-8,{},rank_fusion,intersection+hellinger,0.6+0.4,0.4,0.44166666666666665,8,17,5
rgb,8-8-8,{},rank_fusion,intersection+hellinger,0.7+0.3,0.4,0.44166666666666665,9,16,5
rgb,8-8-8,{},rank_fusion,intersection+hellinger,0.8+0.2,0.4,0.44166666666666665,9,17,4
rgb,8-8-8,{},rank_fusion,intersection+hellinger,0.9+0.1,0.4,0.44166666666666665,7,18,5
rgb,8-8-8,{},rank_fusion,intersection+wasserstein,0.1+0.9,0.3,0.33999999999999997,11,9,10
rgb,8-8-8,{},rank_fusion,intersection+wasserstein,0.2+0.8,0.3,0.33999999999999997,12,8,10
rgb,8-8-8,{},rank_fusion,intersection+wasserstein,0.3+0.7,0.3,0.3511111111111111,12,8,10
rgb,8-8-8,{},rank_fusion,intersection+wasserstein,0.4+0.6,0.3333333333333333,0.3777777777777777,12,10,8
rgb,8-8-8,{},rank_fusion,intersection+wasserstein,0.5+0.5,0.3,0.36111111111111105,11,11,8
rgb,8-8-8,{},rank_fusion,intersection+wasserstein,0.6+0.4,0.3,0.36777777777777776,11,11,8
rgb,8-8-8,{},rank_fusion,intersection+wasserstein,0.7+0.3,0.3,0.3694444444444444,11,11,8
rgb,8-8-8,{},rank_fusion,intersection+wasserstein,0.8+0.2,0.36666666666666664,0.415,11,12,7
rgb,8-8-8,{},rank_fusion,intersection+wasserstein,0.9+0.1,0.4,0.44,9,17,4
rgb,8-8-8,{},rank_fusion,hellinger+wasserstein,0.1+0.9,0.3,0.33999999999999997,12,8,10
rgb,8-8-8,{},rank_fusion,hellinger+wasserstein,0.2+0.8,0.3,0.3427777777777778,13,8,9
rgb,8-8-8,{},rank_fusion,hellinger+wasserstein,0.3+0.7,0.3,0.3427777777777778,13,8,9
rgb,8-8-8,{},rank_fusion,hellinger+wasserstein,0.4+0.6,0.3333333333333333,0.3694444444444444,12,9,9
rgb,8-8-8,{},rank_fusion,hellinger+wasserstein,0.5+0.5,0.3333333333333333,0.3777777777777777,12,9,9
rgb,8-8-8,{},rank_fusion,hellinger+wasserstein,0.6+0.4,0.3333333333333333,0.3777777777777777,12,9,9
rgb,8-8-8,{},rank_fusion,hellinger+wasserstein,0.7+0.3,0.3333333333333333,0.39111111111111113,10,9,11
rgb,8-8-8,{},rank_fusion,hellinger+wasserstein,0.8+0.2,0.4,0.4233333333333333,9,12,9
rgb,8-8-8,{},rank_fusion,hellinger+wasserstein,0.9+0.1,0.43333333333333335,0.4483333333333333,10,13,7
rgb,8-8-8,{},rank_fusion,euclidean+l1+chi2,0.333333333333333+0.333333333333333+0.333333333333333,0.4,0.43888888888888894,6,14,10
rgb,8-8-8,{},rank_fusion,euclidean+l1+chi2,0.6+0.2+0.2,0.4,0.43888888888888894,5,13,12
rgb,8-8-8,{},rank_fusion,euclidean+l1+chi2,0.2+0.6+0.2,0.4,0.4444444444444445,5,16,9
rgb,8-8-8,{},rank_fusion,euclidean+l1+chi2,0.2+0.2+0.6,0.4,0.4361111111111111,9,11,10
rgb,8-8-8,{},rank_fusion,euclidean+l1+chi2,0.5+0.3+0.2,0.4,0.43888888888888894,6,13,11
rgb,8-8-8,{},rank_fusion,euclidean+l1+chi2,0.5+0.2+0.3,0.4,0.43888888888888894,6,13,11
rgb,8-8-8,{},rank_fusion,euclidean+l1+chi2,0.3+0.5+0.2,0.4,0.4444444444444445,6,14,10
rgb,8-8-8,{},rank_fusion,euclidean+l1+chi2,0.2+0.5+0.3,0.4,0.4444444444444445,7,14,9
rgb,8-8-8,{},rank_fusion,euclidean+l1+chi2,0.3+0.2+0.5,0.4,0.4361111111111111,6,15,9
rgb,8-8-8,{},rank_fusion,euclidean+l1+chi2,0.2+0.3+0.5,0.4,0.4361111111111111,8,13,9
rgb,8-8-8,{},rank_fusion,euclidean+l1+chi2,0.4+0.4+0.2,0.4,0.4444444444444445,5,15,10
rgb,8-8-8,{},rank_fusion,euclidean+l1+chi2,0.4+0.2+0.4,0.4,0.43888888888888894,6,14,10
rgb,8-8-8,{},rank_fusion,euclidean+l1+chi2,0.2+0.4+0.4,0.4,0.43888888888888894,8,13,9
rgb,8-8-8,{},rank_fusion,euclidean+l1+intersection,0.333333333333333+0.333333333333333+0.333333333333333,0.4,0.4444444444444445,5,15,10
rgb,8-8-8,{},rank_fusion,euclidean+l1+intersection,0.6+0.2+0.2,0.4,0.4444444444444445,5,14,11
rgb,8-8-8,{},rank_fusion,euclidean+l1+intersection,0.2+0.6+0.2,0.4,0.4444444444444445,5,16,9
rgb,8-8-8,{},rank_fusion,euclidean+l1+intersection,0.2+0.2+0.6,0.4,0.4444444444444445,5,16,9
rgb,8-8-8,{},rank_fusion,euclidean+l1+intersection,0.5+0.3+0.2,0.4,0.4444444444444445,5,14,11
rgb,8-8-8,{},rank_fusion,euclidean+l1+intersection,0.5+0.2+0.3,0.4,0.4444444444444445,5,14,11
rgb,8-8-8,{},rank_fusion,euclidean+l1+intersection,0.3+0.5+0.2,0.4,0.4444444444444445,5,15,10
rgb,8-8-8,{},rank_fusion,euclidean+l1+intersection,0.2+0.5+0.3,0.4,0.4444444444444445,5,16,9
rgb,8-8-8,{},rank_fusion,euclidean+l1+intersection,0.3+0.2+0.5,0.4,0.4444444444444445,5,15,10
rgb,8-8-8,{},rank_fusion,euclidean+l1+intersection,0.2+0.3+0.5,0.4,0.4444444444444445,5,16,9
rgb,8-8-8,{},rank_fusion,euclidean+l1+intersection,0.4+0.4+0.2,0.4,0.4444444444444445,5,14,11
rgb,8-8-8,{},rank_fusion,euclidean+l1+intersection,0.4+0.2+0.4,0.4,0.4444444444444445,5,14,11
rgb,8-8-8,{},rank_fusion,euclidean+l1+intersection,0.2+0.4+0.4,0.4,0.4444444444444445,5,16,9
rgb,8-8-8,{},rank_fusion,euclidean+l1+hellinger,0.333333333333333+0.333333333333333+0.333333333333333,0.4,0.43888888888888894,7,14,9
rgb,8-8-8,{},rank_fusion,euclidean+l1+hellinger,0.6+0.2+0.2,0.4,0.43888888888888894,5,14,11
rgb,8-8-8,{},rank_fusion,euclidean+l1+hellinger,0.2+0.6+0.2,0.4,0.4444444444444445,7,15,8
rgb,8-8-8,{},rank_fusion,euclidean+l1+hellinger,0.2+0.2+0.6,0.43333333333333335,0.4527777777777778,9,13,8
rgb,8-8-8,{},rank_fusion,euclidean+l1+hellinger,0.5+0.3+0.2,0.4,0.43888888888888894,5,14,11
rgb,8-8-8,{},rank_fusion,euclidean+l1+hellinger,0.5+0.2+0.3,0.4,0.43888888888888894,6,15,9
rgb,8-8-8,{},rank_fusion,euclidean+l1+hellinger,0.3+0.5+0.2,0.4,0.4444444444444445,5,17,8
rgb,8-8-8,{},rank_fusion,euclidean+l1+hellinger,0.2+0.5+0.3,0.4,0.4444444444444445,7,15,8
rgb,8-8-8,{},rank_fusion,euclidean+l1+hellinger,0.3+0.2+0.5,0.4,0.4361111111111111,8,13,9
rgb,8-8-8,{},rank_fusion,euclidean+l1+hellinger,0.2+0.3+0.5,0.4,0.4361111111111111,8,13,9
rgb,8-8-8,{},rank_fusion,euclidean+l1+hellinger,0.4+0.4+0.2,0.4,0.4444444444444445,5,15,10
rgb,8-8-8,{},rank_fusion,euclidean+l1+hellinger,0.4+0.2+0.4,0.4,0.43888888888888894,7,14,9
rgb,8-8-8,{},rank_fusion,euclidean+l1+hellinger,0.2+0.4+0.4,0.4,0.43888888888888894,7,14,9
rgb,8-8-8,{},rank_fusion,euclidean+l1+wasserstein,0.333333333333333+0.333333333333333+0.333333333333333,0.3,0.3744444444444444,9,11,10
rgb,8-8-8,{},rank_fusion,euclidean+l1+wasserstein,0.6+0.2+0.2,0.36666666666666664,0.41388888888888886,5,12,13
rgb,8-8-8,{},rank_fusion,euclidean+l1+wasserstein,0.2+0.6+0.2,0.36666666666666664,0.4094444444444444,9,12,9
rgb,8-8-8,{},rank_fusion,euclidean+l1+wasserstein,0.2+0.2+0.6,0.3333333333333333,0.3777777777777777,12,9,9
rgb,8-8-8,{},rank_fusion,euclidean+l1+wasserstein,0.5+0.3+0.2,0.36666666666666664,0.4111111111111111,3,15,12
rgb,8-8-8,{},rank_fusion,euclidean+l1+wasserstein,0.5+0.2+0.3,0.3,0.3761111111111111,5,11,14
rgb,8-8-8,{},rank_fusion,euclidean+l1+wasserstein,0.3+0.5+0.2,0.36666666666666664,0.4111111111111111,5,15,10
rgb,8-8-8,{},rank_fusion,euclidean+l1+wasserstein,0.2+0.5+0.3,0.3,0.37611111111111106,11,11,8
rgb,8-8-8,{},rank_fusion,euclidean+l1+wasserstein,0.3+0.2+0.5,0.3,0.36777777777777776,9,10,11
rgb,8-8-8,{},rank_fusion,euclidean+l1+wasserstein,0.2+0.3+0.5,0.3,0.36777777777777776,11,11,8
rgb,8-8-8,{},rank_fusion,euclidean+l1+wasserstein,0.4+0.4+0.2,0.36666666666666664,0.4111111111111111,3,15,12
rgb,8-8-8,{},rank_fusion,euclidean+l1+wasserstein,0.4+0.2+0.4,0.3,0.36777777777777776,8,12,10
rgb,8-8-8,{},rank_fusion,euclidean+l1+wasserstein,0.2+0.4+0.4,0.3,0.36777777777777776,11,11,8
rgb,8-8-8,{},rank_fusion,euclidean+chi2+intersection,0.333333333333333+0.333333333333333+0.333333333333333,0.4,0.43888888888888894,6,14,10
rgb,8-8-8,{},rank_fusion,euclidean+chi2+intersection,0.6+0.2+0.2,0.4,0.43888888888888894,5,14,11
rgb,8-8-8,{},rank_fusion,euclidean+chi2+intersection,0.2+0.6+0.2,0.4,0.4361111111111111,9,11,10
rgb,8-8-8,{},rank_fusion,euclidean+chi2+intersection,0.2+0.2+0.6,0.4,0.4444444444444445,5,16,9
rgb,8-8-8,{},rank_fusion,euclidean+chi2+intersection,0.5+0.3+0.2,0.4,0.43888888888888894,6,13,11
rgb,8-8-8,{},rank_fusion,euclidean+chi2+intersection,0.5+0.2+0.3,0.4,0.43888888888888894,6,13,11
rgb,8-8-8,{},rank_fusion,euclidean+chi2+intersection,0.3+0.5+0.2,0.4,0.43888888888888894,6,15,9
rgb,8-8-8,{},rank_fusion,euclidean+chi2+intersection,0.2+0.5+0.3,0.4,0.4361111111111111,8,13,9
rgb,8-8-8,{},rank_fusion,euclidean+chi2+intersection,0.3+0.2+0.5,0.4,0.4444444444444445,5,15,10
rgb,8-8-8,{},rank_fusion,euclidean+chi2+intersection,0.2+0.3+0.5,0.4,0.4444444444444445,7,14,9
rgb,8-8-8,{},rank_fusion,euclidean+chi2+intersection,0.4+0.4+0.2,0.4,0.43888888888888894,6,14,10
rgb,8-8-8,{},rank_fusion,euclidean+chi2+intersection,0.4+0.2+0.4,0.4,0.4444444444444445,5,15,10
rgb,8-8-8,{},rank_fusion,euclidean+chi2+intersection,0.2+0.4+0.4,0.4,0.43888888888888894,8,13,9
rgb,8-8-8,{},rank_fusion,euclidean+chi2+hellinger,0.333333333333333+0.333333333333333+0.333333333333333,0.43333333333333335,0.4527777777777778,9,12,9
rgb,8-8-8,{},rank_fusion,euclidean+chi2+hellinger,0.6+0.2+0.2,0.4,0.43888888888888894,6,13,11
rgb,8-8-8,{},rank_fusion,euclidean+chi2+hellinger,0.2+0.6+0.2,0.4,0.4361111111111111,9,11,10
rgb,8-8-8,{},rank_fusion,euclidean+chi2+hellinger,0.2+0.2+0.6,0.43333333333333335,0.4527777777777778,9,13,8
rgb,8-8-8,{},rank_fusion,euclidean+chi2+hellinger,0.5+0.3+0.2,0.4,0.4361111111111111,7,13,10
rgb,8-8-8,{},rank_fusion,euclidean+chi2+hellinger,0.5+0.2+0.3,0.4,0.4361111111111111,7,14,9
rgb,8-8-8,{},rank_fusion,euclidean+chi2+hellinger,0.3+0.5+0.2,0.43333333333333335,0.4527777777777778,9,12,9
rgb,8-8-8,{},rank_fusion,euclidean+chi2+hellinger,0.2+0.5+0.3,0.43333333333333335,0.4527777777777778,9,12,9
rgb,8-8-8,{},rank_fusion,euclidean+chi2+hellinger,0.3+0.2+0.5,0.43333333333333335,0.4527777777777778,9,12,9
rgb,8-8-8,{},rank_fusion,euclidean+chi2+hellinger,0.2+0.3+0.5,0.43333333333333335,0.4527777777777778,9,12,9
rgb,8-8-8,{},rank_fusion,euclidean+chi2+hellinger,0.4+0.4+0.2,0.43333333333333335,0.4527777777777778,9,12,9
rgb,8-8-8,{},rank_fusion,euclidean+chi2+hellinger,0.4+0.2+0.4,0.43333333333333335,0.4527777777777778,9,12,9
rgb,8-8-8,{},rank_fusion,euclidean+chi2+hellinger,0.2+0.4+0.4,0.43333333333333335,0.4527777777777778,9,12,9
rgb,8-8-8,{},rank_fusion,euclidean+chi2+wasserstein,0.333333333333333+0.333333333333333+0.333333333333333,0.3333333333333333,0.3844444444444444,7,9,14
rgb,8-8-8,{},rank_fusion,euclidean+chi2+wasserstein,0.6+0.2+0.2,0.3333333333333333,0.4027777777777778,4,13,13
rgb,8-8-8,{},rank_fusion,euclidean+chi2+wasserstein,0.2+0.6+0.2,0.36666666666666664,0.4133333333333333,7,11,12
rgb,8-8-8,{},rank_fusion,euclidean+chi2+wasserstein,0.2+0.2+0.6,0.3333333333333333,0.3777777777777777,12,9,9
rgb,8-8-8,{},rank_fusion,euclidean+chi2+wasserstein,0.5+0.3+0.2,0.3333333333333333,0.4027777777777778,5,12,13
rgb,8-8-8,{},rank_fusion,euclidean+chi2+wasserstein,0.5+0.2+0.3,0.3,0.3744444444444444,4,11,15
rgb,8-8-8,{},rank_fusion,euclidean+chi2+wasserstein,0.3+0.5+0.2,0.36666666666666664,0.4133333333333333,6,11,13
rgb,8-8-8,{},rank_fusion,euclidean+chi2+wasserstein,0.2+0.5+0.3,0.3333333333333333,0.3844444444444444,8,10,12
rgb,8-8-8,{},rank_fusion,euclidean+chi2+wasserstein,0.3+0.2+0.5,0.3333333333333333,0.3844444444444444,10,10,10
rgb,8-8-8,{},rank_fusion,euclidean+chi2+wasserstein,0.2+0.3+0.5,0.3333333333333333,0.3844444444444444,11,9,10
rgb,8-8-8,{},rank_fusion,euclidean+chi2+wasserstein,0.4+0.4+0.2,0.36666666666666664,0.415,6,11,13
rgb,8-8-8,{},rank_fusion,euclidean+chi2+wasserstein,0.4+0.2+0.4,0.3333333333333333,0.3844444444444444,8,10,12
rgb,8-8-8,{},rank_fusion,euclidean+chi2+wasserstein,0.2+0.4+0.4,0.3333333333333333,0.3844444444444444,10,10,10
rgb,8-8-8,{},rank_fusion,euclidean+intersection+hellinger,0.333333333333333+0.333333333333333+0.333333333333333,0.4,0.43888888888888894,7,14,9
rgb,8-8-8,{},rank_fusion,euclidean+intersection+hellinger,0.6+0.2+0.2,0.4,0.43888888888888894,5,14,11
rgb,8-8-8,{},rank_fusion,euclidean+intersection+hellinger,0.2+0.6+0.2,0.4,0.4444444444444445,7,15,8
rgb,8-8-8,{},rank_fusion,euclidean+intersection+hellinger,0.2+0.2+0.6,0.43333333333333335,0.4527777777777778,9,13,8
rgb,8-8-8,{},rank_fusion,euclidean+intersection+hellinger,0.5+0.3+0.2,0.4,0.43888888888888894,5,14,11
rgb,8-8-8,{},rank_fusion,euclidean+intersection+hellinger,0.5+0.2+0.3,0.4,0.43888888888888894,6,15,9
rgb,8-8-8,{},rank_fusion,euclidean+intersection+hellinger,0.3+0.5+0.2,0.4,0.4444444444444445,5,17,8
rgb,8-8-8,{},rank_fusion,euclidean+intersection+hellinger,0.2+0.5+0.3,0.4,0.4444444444444445,7,15,8
rgb,8-8-8,{},rank_fusion,euclidean+intersection+hellinger,0.3+0.2+0.5,0.4,0.4361111111111111,8,13,9
rgb,8-8-8,{},rank_fusion,euclidean+intersection+hellinger,0.2+0.3+0.5,0.4,0.4361111111111111,8,13,9
rgb,8-8-8,{},rank_fusion,euclidean+intersection+hellinger,0.4+0.4+0.2,0.4,0.4444444444444445,5,15,10
rgb,8-8-8,{},rank_fusion,euclidean+intersection+hellinger,0.4+0.2+0.4,0.4,0.43888888888888894,7,14,9
rgb,8-8-8,{},rank_fusion,euclidean+intersection+hellinger,0.2+0.4+0.4,0.4,0.43888888888888894,7,14,9
rgb,8-8-8,{},rank_fusion,euclidean+intersection+wasserstein,0.333333333333333+0.333333333333333+0.333333333333333,0.3,0.3744444444444444,9,11,10
rgb,8-8-8,{},rank_fusion,euclidean+intersection+wasserstein,0.6+0.2+0.2,0.36666666666666664,0.41388888888888886,5,12,13
rgb,8-8-8,{},rank_fusion,euclidean+intersection+wasserstein,0.2+0.6+0.2,0.36666666666666664,0.4094444444444444,9,12,9
rgb,8-8-8,{},rank_fusion,euclidean+intersection+wasserstein,0.2+0.2+0.6,0.3333333333333333,0.3777777777777777,12,9,9
rgb,8-8-8,{},rank_fusion,euclidean+intersection+wasserstein,0.5+0.3+0.2,0.36666666666666664,0.4111111111111111,3,15,12
rgb,8-8-8,{},rank_fusion,euclidean+intersection+wasserstein,0.5+0.2+0.3,0.3,0.3761111111111111,5,11,14
rgb,8-8-8,{},rank_fusion,euclidean+intersection+wasserstein,0.3+0.5+0.2,0.36666666666666664,0.4111111111111111,5,15,10
rgb,8-8-8,{},rank_fusion,euclidean+intersection+wasserstein,0.2+0.5+0.3,0.3,0.37611111111111106,11,11,8
rgb,8-8-8,{},rank_fusion,euclidean+intersection+wasserstein,0.3+0.2+0.5,0.3,0.36777777777777776,9,10,11
rgb,8-8-8,{},rank_fusion,euclidean+intersection+wasserstein,0.2+0.3+0.5,0.3,0.36777777777777776,11,11,8
rgb,8-8-8,{},rank_fusion,euclidean+intersection+wasserstein,0.4+0.4+0.2,0.36666666666666664,0.4111111111111111,3,15,12
rgb,8-8-8,{},rank_fusion,euclidean+intersection+wasserstein,0.4+0.2+0.4,0.3,0.36777777777777776,8,12,10
rgb,8-8-8,{},rank_fusion,euclidean+intersection+wasserstein,0.2+0.4+0.4,0.3,0.36777777777777776,11,11,8
rgb,8-8-8,{},rank_fusion,euclidean+hellinger+wasserstein,0.333333333333333+0.333333333333333+0.333333333333333,0.3333333333333333,0.3844444444444444,8,9,13
rgb,8-8-8,{},rank_fusion,euclidean+hellinger+wasserstein,0.6+0.2+0.2,0.36666666666666664,0.41944444444444445,6,13,11
rgb,8-8-8,{},rank_fusion,euclidean+hellinger+wasserstein,0.2+0.6+0.2,0.4,0.42999999999999994,8,12,10
rgb,8-8-8,{},rank_fusion,euclidean+hellinger+wasserstein,0.2+0.2+0.6,0.3333333333333333,0.3777777777777777,11,10,9
rgb,8-8-8,{},rank_fusion,euclidean+hellinger+wasserstein,0.5+0.3+0.2,0.36666666666666664,0.41944444444444445,6,13,11
rgb,8-8-8,{},rank_fusion,euclidean+hellinger+wasserstein,0.5+0.2+0.3,0.3,0.3744444444444444,5,10,15
rgb,8-8-8,{},rank_fusion,euclidean+hellinger+wasserstein,0.3+0.5+0.2,0.4,0.42999999999999994,7,11,12
rgb,8-8-8,{},rank_fusion,euclidean+hellinger+wasserstein,0.2+0.5+0.3,0.3333333333333333,0.3844444444444444,10,10,10
rgb,8-8-8,{},rank_fusion,euclidean+hellinger+wasserstein,0.3+0.2+0.5,0.3333333333333333,0.3844444444444444,10,10,10
rgb,8-8-8,{},rank_fusion,euclidean+hellinger+wasserstein,0.2+0.3+0.5,0.3333333333333333,0.3844444444444444,11,10,9
rgb,8-8-8,{},rank_fusion,euclidean+hellinger+wasserstein,0.4+0.4+0.2,0.4,0.43166666666666664,6,12,12
rgb,8-8-8,{},rank_fusion,euclidean+hellinger+wasserstein,0.4+0.2+0.4,0.3333333333333333,0.3844444444444444,9,9,12
rgb,8-8-8,{},rank_fusion,euclidean+hellinger+wasserstein,0.2+0.4+0.4,0.3333333333333333,0.3844444444444444,9,11,10
rgb,8-8-8,{},rank_fusion,l1+chi2+intersection,0.333333333333333+0.333333333333333+0.333333333333333,0.4,0.44166666666666665,9,16,5
rgb,8-8-8,{},rank_fusion,l1+chi2+intersection,0.6+0.2+0.2,0.4,0.44166666666666665,6,18,6
rgb,8-8-8,{},rank_fusion,l1+chi2+intersection,0.2+0.6+0.2,0.4,0.43333333333333335,9,13,8
rgb,8-8-8,{},rank_fusion,l1+chi2+intersection,0.2+0.2+0.6,0.4,0.44166666666666665,6,18,6
rgb,8-8-8,{},rank_fusion,l1+chi2+intersection,0.5+0.3+0.2,0.4,0.44166666666666665,9,15,6
rgb,8-8-8,{},rank_fusion,l1+chi2+intersection,0.5+0.2+0.3,0.4,0.44166666666666665,7,17,6
rgb,8-8-8,{},rank_fusion,l1+chi2+intersection,0.3+0.5+0.2,0.4,0.43333333333333335,8,15,7
rgb,8-8-8,{},rank_fusion,l1+chi2+intersection,0.2+0.5+0.3,0.4,0.43333333333333335,8,15,7
rgb,8-8-8,{},rank_fusion,l1+chi2+intersection,0.3+0.2+0.5,0.4,0.44166666666666665,6,18,6
rgb,8-8-8,{},rank_fusion,l1+chi2+intersection,0.2+0.3+0.5,0.4,0.44166666666666665,9,15,6
rgb,8-8-8,{},rank_fusion,l1+chi2+intersection,0.4+0.4+0.2,0.4,0.44166666666666665,9,16,5
rgb,8-8-8,{},rank_fusion,l1+chi2+intersection,0.4+0.2+0.4,0.4,0.44166666666666665,6,18,6
rgb,8-8-8,{},rank_fusion,l1+chi2+intersection,0.2+0.4+0.4,0.4,0.44166666666666665,9,16,5
rgb,8-8-8,{},rank_fusion,l1+chi2+hellinger,0.333333333333333+0.333333333333333+0.333333333333333,0.43333333333333335,0.45,9,15,6
rgb,8-8-8,{},rank_fusion,l1+chi2+hellinger,0.6+0.2+0.2,0.4,0.44166666666666665,9,16,5
rgb,8-8-8,{},rank_fusion,l1+chi2+hellinger,0.2+0.6+0.2,0.4,0.43333333333333335,9,13,8
rgb,8-8-8,{},rank_fusion,l1+chi2+hellinger,0.2+0.2+0.6,0.43333333333333335,0.45,12,13,5
rgb,8-8-8,{},rank_fusion,l1+chi2+hellinger,0.5+0.3+0.2,0.4,0.43333333333333335,8,16,6
rgb,8-8-8,{},rank_fusion,l1+chi2+hellinger,0.5+0.2+0.3,0.4,0.43333333333333335,8,16,6
rgb,8-8-8,{},rank_fusion,l1+chi2+hellinger,0.3+0.5+0.2,0.43333333333333335,0.45,9,14,7
rgb,8-8-8,{},rank_fusion,l1+chi2+hellinger,0.2+0.5+0.3,0.43333333333333335,0.45,9,15,6
rgb,8-8-8,{},rank_fusion,l1+chi2+hellinger,0.3+0.2+0.5,0.43333333333333335,0.45,10,15,5
rgb,8-8-8,{},rank_fusion,l1+chi2+hellinger,0.2+0.3+0.5,0.43333333333333335,0.45,11,13,6
rgb,8-8-8,{},rank_fusion,l1+chi2+hellinger,0.4+0.4+0.2,0.43333333333333335,0.45,9,14,7
rgb,8-8-8,{},rank_fusion,l1+chi2+hellinger,0.4+0.2+0.4,0.43333333333333335,0.45,9,15,6
rgb,8-8-8,{},rank_fusion,l1+chi2+hellinger,0.2+0.4+0.4,0.43333333333333335,0.45,10,14,6
rgb,8-8-8,{},rank_fusion,l1+chi2+wasserstein,0.333333333333333+0.333333333333333+0.333333333333333,0.3333333333333333,0.3844444444444444,13,9,8
rgb,8-8-8,{},rank_fusion,l1+chi2+wasserstein,0.6+0.2+0.2,0.3333333333333333,0.3927777777777777,11,11,8
rgb,8-8-8,{},rank_fusion,l1+chi2+wasserstein,0.2+0.6+0.2,0.36666666666666664,0.4011111111111111,9,11,10
rgb,8-8-8,{},rank_fusion,l1+chi2+wasserstein,0.2+0.2+0.6,0.3333333333333333,0.3777777777777777,12,9,9
rgb,8-8-8,{},rank_fusion,l1+chi2+wasserstein,0.5+0.3+0.2,0.3333333333333333,0.3927777777777777,10,11,9
rgb,8-8-8,{},rank_fusion,l1+chi2+wasserstein,0.5+0.2+0.3,0.3,0.36777777777777776,11,11,8
rgb,8-8-8,{},rank_fusion,l1+chi2+wasserstein,0.3+0.5+0.2,0.36666666666666664,0.4094444444444444,10,12,8
rgb,8-8-8,{},rank_fusion,l1+chi2+wasserstein,0.2+0.5+0.3,0.3333333333333333,0.3844444444444444,12,9,9
rgb,8-8-8,{},rank_fusion,l1+chi2+wasserstein,0.3+0.2+0.5,0.3333333333333333,0.3777777777777777,12,10,8
rgb,8-8-8,{},rank_fusion,l1+chi2+wasserstein,0.2+0.3+0.5,0.3333333333333333,0.3777777777777777,12,9,9
rgb,8-8-8,{},rank_fusion,l1+chi2+wasserstein,0.4+0.4+0.2,0.36666666666666664,0.4094444444444444,10,12,8
rgb,8-8-8,{},rank_fusion,l1+chi2+wasserstein,0.4+0.2+0.4,0.3333333333333333,0.3777777777777777,12,10,8
rgb,8-8-8,{},rank_fusion,l1+chi2+wasserstein,0.2+0.4+0.4,0.3333333333333333,0.3777777777777777,13,9,8
rgb,8-8-8,{},rank_fusion,l1+intersection+hellinger,0.333333333333333+0.333333333333333+0.333333333333333,0.4,0.44166666666666665,8,17,5
rgb,8-8-8,{},rank_fusion,l1+intersection+hellinger,0.6+0.2+0.2,0.4,0.44166666666666665,9,17,4
rgb,8-8-8,{},rank_fusion,l1+intersection+hellinger,0.2+0.6+0.2,0.4,0.44166666666666665,9,17,4
rgb,8-8-8,{},rank_fusion,l1+intersection+hellinger,0.2+0.2+0.6,0.43333333333333335,0.45,12,13,5
rgb,8-8-8,{},rank_fusion,l1+intersection+hellinger,0.5+0.3+0.2,0.4,0.44166666666666665,9,17,4
rgb,8-8-8,{},rank_fusion,l1+intersection+hellinger,0.5+0.2+0.3,0.4,0.44166666666666665,9,16,5
rgb,8-8-8,{},rank_fusion,l1+intersection+hellinger,0.3+0.5+0.2,0.4,0.44166666666666665,9,17,4
rgb,8-8-8,{},rank_fusion,l1+intersection+hellinger,0.2+0.5+0.3,0.4,0.44166666666666665,9,16,5
rgb,8-8-8,{},rank_fusion,l1+intersection+hellinger,0.3+0.2+0.5,0.4,0.43333333333333335,8,17,5
rgb,8-8-8,{},rank_fusion,l1+intersection+hellinger,0.2+0.3+0.5,0.4,0.43333333333333335,8,17,5
rgb,8-8-8,{},rank_fusion,l1+intersection+hellinger,0.4+0.4+0.2,0.4,0.44166666666666665,9,17,4
rgb,8-8-8,{},rank_fusion,l1+intersection+hellinger,0.4+0.2+0.4,0.4,0.44166666666666665,8,17,5
rgb,8-8-8,{},rank_fusion,l1+intersection+hellinger,0.2+0.4+0.4,0.4,0.44166666666666665,8,17,5
rgb,8-8-8,{},rank_fusion,l1+intersection+wasserstein,0.333333333333333+0.333333333333333+0.333333333333333,0.3,0.36777777777777776,11,11,8
rgb,8-8-8,{},rank_fusion,l1+intersection+wasserstein,0.6+0.2+0.2,0.36666666666666664,0.4094444444444444,11,12,7
rgb,8-8-8,{},rank_fusion,l1+intersection+wasserstein,0.2+0.6+0.2,0.36666666666666664,0.4094444444444444,11,12,7
rgb,8-8-8,{},rank_fusion,l1+intersection+wasserstein,0.2+0.2+0.6,0.3333333333333333,0.3777777777777777,12,10,8
rgb,8-8-8,{},rank_fusion,l1+intersection+wasserstein,0.5+0.3+0.2,0.36666666666666664,0.4094444444444444,11,12,7
rgb,8-8-8,{},rank_fusion,l1+intersection+wasserstein,0.5+0.2+0.3,0.3,0.3694444444444444,11,11,8
rgb,8-8-8,{},rank_fusion,l1+intersection+wasserstein,0.3+0.5+0.2,0.36666666666666664,0.4094444444444444,11,12,7
rgb,8-8-8,{},rank_fusion,l1+intersection+wasserstein,0.2+0.5+0.3,0.3,0.3694444444444444,11,11,8
rgb,8-8-8,{},rank_fusion,l1+intersection+wasserstein,0.3+0.2+0.5,0.3,0.36111111111111105,11,11,8
rgb,8-8-8,{},rank_fusion,l1+intersection+wasserstein,0.2+0.3+0.5,0.3,0.36111111111111105,11,11,8
rgb,8-8-8,{},rank_fusion,l1+intersection+wasserstein,0.4+0.4+0.2,0.36666666666666664,0.415,11,12,7
rgb,8-8-8,{},rank_fusion,l1+intersection+wasserstein,0.4+0.2+0.4,0.3,0.36777777777777776,11,11,8
rgb,8-8-8,{},rank_fusion,l1+intersection+wasserstein,0.2+0.4+0.4,0.3,0.36777777777777776,11,11,8
rgb,8-8-8,{},rank_fusion,l1+hellinger+wasserstein,0.333333333333333+0.333333333333333+0.333333333333333,0.3333333333333333,0.3844444444444444,12,9,9
rgb,8-8-8,{},rank_fusion,l1+hellinger+wasserstein,0.6+0.2+0.2,0.36666666666666664,0.4094444444444444,11,12,7
rgb,8-8-8,{},rank_fusion,l1+hellinger+wasserstein,0.2+0.6+0.2,0.4,0.41777777777777775,10,11,9
rgb,8-8-8,{},rank_fusion,l1+hellinger+wasserstein,0.2+0.2+0.6,0.3333333333333333,0.3777777777777777,13,9,8
rgb,8-8-8,{},rank_fusion,l1+hellinger+wasserstein,0.5+0.3+0.2,0.36666666666666664,0.4094444444444444,11,12,7
rgb,8-8-8,{},rank_fusion,l1+hellinger+wasserstein,0.5+0.2+0.3,0.3,0.36777777777777776,11,10,9
rgb,8-8-8,{},rank_fusion,l1+hellinger+wasserstein,0.3+0.5+0.2,0.4,0.42611111111111105,10,12,8
rgb,8-8-8,{},rank_fusion,l1+hellinger+wasserstein,0.2+0.5+0.3,0.3333333333333333,0.3844444444444444,12,9,9
rgb,8-8-8,{},rank_fusion,l1+hellinger+wasserstein,0.3+0.2+0.5,0.3333333333333333,0.3777777777777777,13,9,8
rgb,8-8-8,{},rank_fusion,l1+hellinger+wasserstein,0.2+0.3+0.5,0.3333333333333333,0.3777777777777777,12,9,9
rgb,8-8-8,{},rank_fusion,l1+hellinger+wasserstein,0.4+0.4+0.2,0.4,0.42611111111111105,12,11,7
rgb,8-8-8,{},rank_fusion,l1+hellinger+wasserstein,0.4+0.2+0.4,0.3333333333333333,0.3777777777777777,13,9,8
rgb,8-8-8,{},rank_fusion,l1+hellinger+wasserstein,0.2+0.4+0.4,0.3333333333333333,0.3777777777777777,12,9,9
rgb,8-8-8,{},rank_fusion,chi2+intersection+hellinger,0.333333333333333+0.333333333333333+0.333333333333333,0.43333333333333335,0.45,9,15,6
rgb,8-8-8,{},rank_fusion,chi2+intersection+hellinger,0.6+0.2+0.2,0.4,0.43333333333333335,9,13,8
rgb,8-8-8,{},rank_fusion,chi2+intersection+hellinger,0.2+0.6+0.2,0.4,0.44166666666666665,9,16,5
rgb,8-8-8,{},rank_fusion,chi2+intersection+hellinger,0.2+0.2+0.6,0.43333333333333335,0.45,12,13,5
rgb,8-8-8,{},rank_fusion,chi2+intersection+hellinger,0.5+0.3+0.2,0.43333333333333335,0.45,9,14,7
rgb,8-8-8,{},rank_fusion,chi2+intersection+hellinger,0.5+0.2+0.3,0.43333333333333335,0.45,9,15,6
rgb,8-8-8,{},rank_fusion,chi2+intersection+hellinger,0.3+0.5+0.2,0.4,0.43333333333333335,8,16,6
rgb,8-8-8,{},rank_fusion,chi2+intersection+hellinger,0.2+0.5+0.3,0.4,0.43333333333333335,8,16,6
rgb,8-8-8,{},rank_fusion,chi2+intersection+hellinger,0.3+0.2+0.5,0.43333333333333335,0.45,11,13,6
rgb,8-8-8,{},rank_fusion,chi2+intersection+hellinger,0.2+0.3+0.5,0.43333333333333335,0.45,10,15,5
rgb,8-8-8,{},rank_fusion,chi2+intersection+hellinger,0.4+0.4+0.2,0.43333333333333335,0.45,9,14,7
rgb,8-8-8,{},rank_fusion,chi2+intersection+hellinger,0.4+0.2+0.4,0.43333333333333335,0.45,10,14,6
rgb,8-8-8,{},rank_fusion,chi2+intersection+hellinger,0.2+0.4+0.4,0.43333333333333335,0.45,9,15,6
rgb,8-8-8,{},rank_fusion,chi2+intersection+wasserstein,0.333333333333333+0.333333333333333+0.333333333333333,0.3333333333333333,0.3844444444444444,13,9,8
rgb,8-8-8,{},rank_fusion,chi2+intersection+wasserstein,0.6+0.2+0.2,0.36666666666666664,0.4011111111111111,9,11,10
rgb,8-8-8,{},rank_fusion,chi2+intersection+wasserstein,0.2+0.6+0.2,0.3333333333333333,0.3927777777777777,11,11,8
rgb,8-8-8,{},rank_fusion,chi2+intersection+wasserstein,0.2+0.2+0.6,0.3333333333333333,0.3777777777777777,12,9,9
rgb,8-8-8,{},rank_fusion,chi2+intersection+wasserstein,0.5+0.3+0.2,0.36666666666666664,0.4094444444444444,10,12,8
rgb,8-8-8,{},rank_fusion,chi2+intersection+wasserstein,0.5+0.2+0.3,0.3333333333333333,0.3844444444444444,12,9,9
rgb,8-8-8,{},rank_fusion,chi2+intersection+wasserstein,0.3+0.5+0.2,0.3333333333333333,0.3927777777777777,10,11,9
rgb,8-8-8,{},rank_fusion,chi2+intersection+wasserstein,0.2+0.5+0.3,0.3,0.36777777777777776,11,11,8
rgb,8-8-8,{},rank_fusion,chi2+intersection+wasserstein,0.3+0.2+0.5,0.3333333333333333,0.3777777777777777,12,9,9
rgb,8-8-8,{},rank_fusion,chi2+intersection+wasserstein,0.2+0.3+0.5,0.3333333333333333,0.3777777777777777,12,10,8
rgb,8-8-8,{},rank_fusion,chi2+intersection+wasserstein,0.4+0.4+0.2,0.36666666666666664,0.4094444444444444,10,12,8
rgb,8-8-8,{},rank_fusion,chi2+intersection+wasserstein,0.4+0.2+0.4,0.3333333333333333,0.3777777777777777,13,9,8
rgb,8-8-8,{},rank_fusion,chi2+intersection+wasserstein,0.2+0.4+0.4,0.3333333333333333,0.3777777777777777,12,10,8
rgb,8-8-8,{},rank_fusion,chi2+hellinger+wasserstein,0.333333333333333+0.333333333333333+0.333333333333333,0.3333333333333333,0.3844444444444444,11,9,10
rgb,8-8-8,{},rank_fusion,chi2+hellinger+wasserstein,0.6+0.2+0.2,0.36666666666666664,0.4066666666666666,9,10,11
rgb,8-8-8,{},rank_fusion,chi2+hellinger+wasserstein,0.2+0.6+0.2,0.36666666666666664,0.4066666666666666,9,10,11
rgb,8-8-8,{},rank_fusion,chi2+hellinger+wasserstein,0.2+0.2+0.6,0.3333333333333333,0.3694444444444444,13,9,8
rgb,8-8-8,{},rank_fusion,chi2+hellinger+wasserstein,0.5+0.3+0.2,0.36666666666666664,0.4066666666666666,9,11,10
rgb,8-8-8,{},rank_fusion,chi2+hellinger+wasserstein,0.5+0.2+0.3,0.3333333333333333,0.3844444444444444,10,10,10
rgb,8-8-8,{},rank_fusion,chi2+hellinger+wasserstein,0.3+0.5+0.2,0.36666666666666664,0.4066666666666666,9,10,11
rgb,8-8-8,{},rank_fusion,chi2+hellinger+wasserstein,0.2+0.5+0.3,0.3333333333333333,0.3844444444444444,10,10,10
rgb,8-8-8,{},rank_fusion,chi2+hellinger+wasserstein,0.3+0.2+0.5,0.3333333333333333,0.3777777777777777,12,9,9
rgb,8-8-8,{},rank_fusion,chi2+hellinger+wasserstein,0.2+0.3+0.5,0.3333333333333333,0.3777777777777777,12,9,9
rgb,8-8-8,{},rank_fusion,chi2+hellinger+wasserstein,0.4+0.4+0.2,0.36666666666666664,0.4066666666666666,9,10,11
rgb,8-8-8,{},rank_fusion,chi2+hellinger+wasserstein,0.4+0.2+0.4,0.3333333333333333,0.3777777777777777,11,10,9
rgb,8-8-8,{},rank_fusion,chi2+hellinger+wasserstein,0.2+0.4+0.4,0.3333333333333333,0.3777777777777777,12,9,9
rgb,8-8-8,{},rank_fusion,intersection+hellinger+wasserstein,0.333333333333333+0.333333333333333+0.333333333333333,0.3333333333333333,0.3844444444444444,12,9,9
rgb,8-8-8,{},rank_fusion,intersection+hellinger+wasserstein,0.6+0.2+0.2,0.36666666666666664,0.4094444444444444,11,12,7
rgb,8-8-8,{},rank_fusion,intersection+hellinger+wasserstein,0.2+0.6+0.2,0.4,0.41777777777777775,10,11,9
rgb,8-8-8,{},rank_fusion,intersection+hellinger+wasserstein,0.2+0.2+0.6,0.3333333333333333,0.3777777777777777,13,9,8
rgb,8-8-8,{},rank_fusion,intersection+hellinger+wasserstein,0.5+0.3+0.2,0.36666666666666664,0.4094444444444444,11,12,7
rgb,8-8-8,{},rank_fusion,intersection+hellinger+wasserstein,0.5+0.2+0.3,0.3,0.36777777777777776,11,10,9
rgb,8-8-8,{},rank_fusion,intersection+hellinger+wasserstein,0.3+0.5+0.2,0.4,0.42611111111111105,10,12,8
rgb,8-8-8,{},rank_fusion,intersection+hellinger+wasserstein,0.2+0.5+0.3,0.3333333333333333,0.3844444444444444,12,9,9
rgb,8-8-8,{},rank_fusion,intersection+hellinger+wasserstein,0.3+0.2+0.5,0.3333333333333333,0.3777777777777777,13,9,8
rgb,8-8-8,{},rank_fusion,intersection+hellinger+wasserstein,0.2+0.3+0.5,0.3333333333333333,0.3777777777777777,12,9,9
rgb,8-8-8,{},rank_fusion,intersection+hellinger+wasserstein,0.4+0.4+0.2,0.4,0.42611111111111105,12,11,7
rgb,8-8-8,{},rank_fusion,intersection+hellinger+wasserstein,0.4+0.2+0.4,0.3333333333333333,0.3777777777777777,13,9,8
rgb,8-8-8,{},rank_fusion,intersection+hellinger+wasserstein,0.2+0.4+0.4,0.3333333333333333,0.3777777777777777,12,9,9
