descriptor,tag,measure,map1,map5
HSV base,hsv_full_180-256-256,euclidean,0.26666666666666666,0.325
HSV base,hsv_full_180-256-256,l1,0.36666666666666664,0.46888888888888897
HSV base,hsv_full_180-256-256,chi2,0.4,0.45666666666666667
HSV base,hsv_full_180-256-256,intersection,0.36666666666666664,0.46888888888888897
HSV base,hsv_full_180-256-256,hellinger,0.4,0.45111111111111113
HSV base,hsv_full_180-256-256,wasserstein,0.4666666666666667,0.5422222222222222
HSV improved,hsv_16-16-16_s10v40_hw0_hs0,euclidean,0.3333333333333333,0.39111111111111113
HSV improved,hsv_16-16-16_s10v40_hw0_hs0,l1,0.6,0.6716666666666666
HSV improved,hsv_16-16-16_s10v40_hw0_hs0,chi2,0.5666666666666667,0.6233333333333333
HSV improved,hsv_16-16-16_s10v40_hw0_hs0,intersection,0.6,0.6716666666666666
HSV improved,hsv_16-16-16_s10v40_hw0_hs0,hellinger,0.5666666666666667,0.6233333333333333
HSV improved,hsv_16-16-16_s10v40_hw0_hs0,wasserstein,0.43333333333333335,0.5277777777777778
CIELab,lab_8-64-64,euclidean,0.3333333333333333,0.4066666666666666
CIELab,lab_8-64-64,l1,0.5666666666666667,0.6388888888888888
CIELab,lab_8-64-64,chi2,0.4666666666666667,0.5661111111111111
CIELab,lab_8-64-64,intersection,0.5666666666666667,0.6388888888888888
CIELab,lab_8-64-64,hellinger,0.5,0.5972222222222222
CIELab,lab_8-64-64,wasserstein,0.4,0.45499999999999996
YCbCr,ycbcr_8-32-32_y0-256_c0-256,euclidean,0.36666666666666664,0.38
YCbCr,ycbcr_8-32-32_y0-256_c0-256,l1,0.4,0.4538888888888889
YCbCr,ycbcr_8-32-32_y0-256_c0-256,chi2,0.4,0.43
YCbCr,ycbcr_8-32-32_y0-256_c0-256,intersection,0.4,0.4538888888888889
YCbCr,ycbcr_8-32-32_y0-256_c0-256,hellinger,0.4,0.43944444444444447
YCbCr,ycbcr_8-32-32_y0-256_c0-256,wasserstein,0.36666666666666664,0.4494444444444445
